Temporada,Temp.
OI21,ANTIGÜEDAD
OI20,ANTIGÜEDAD
PV21,ANTIGÜEDAD
FW2018,ANTIGÜEDAD
SS2018,ANTIGÜEDAD
SS2015,ANTIGÜEDAD
OI19,ANTIGÜEDAD
SS2019,ANTIGÜEDAD
PV20,ANTIGÜEDAD
FW2017,ANTIGÜEDAD
PV22,ANTIGÜEDAD
FW2013,ANTIGÜEDAD
SS2017,ANTIGÜEDAD
SS2016,ANTIGÜEDAD
FW2016,ANTIGÜEDAD
FW2015,ANTIGÜEDAD
SS2010,ANTIGÜEDAD
FW2014,ANTIGÜEDAD
SS2012,ANTIGÜEDAD
FW2011,ANTIGÜEDAD
SS2013,ANTIGÜEDAD
FW2012,ANTIGÜEDAD
FW2010,ANTIGÜEDAD
SS2014,ANTIGÜEDAD
  PV20  ,ANTIGÜEDAD
FW2009,ANTIGÜEDAD
OI22,ANTIGÜEDAD
PV23,ANTIGÜEDAD
SS2011,ANTIGÜEDAD
SS2009,ANTIGÜEDAD
FW2006,ANTIGÜEDAD
SS2007,ANTIGÜEDAD
SIN TEMPORA,ANTIGÜEDAD
,ANTIGÜEDAD
OI23,ANTIGÜEDAD
PV24,ANTIGÜEDAD
Q3_2023,ANTIGÜEDAD
Q4_2022,ANTIGÜEDAD
OI24,ANTIGÜEDAD
Q2_2023,ANTIGÜEDAD
Q2_2022,ANTIGÜEDAD
PV25,PV25
ST,ANTIGÜEDAD
Q3_2022,ANTIGÜEDAD
Q1_2023,ANTIGÜEDAD
OI25,OI25
PV26,PV26
OI26,OI26
